source node,target node,similarity score
AFST 289,HIST 205,0.78473806
AFST 289,HIST 308,0.7576215
AFST 289,POSC 120,0.74913585
AFST 300,AFST 300,0.9999999
AFST 300,HIST 209,0.8012701
AFST 300,HIST 206,0.79126877
AFST 300,CLAS 240,0.76335615
AMST 115,GWSS 398.00,0.8529979
AMST 115,RELG 344,0.807754
AMST 115,HIST 229,0.77279097
AMST 269,SOAN 228,0.7927368
AMST 269,RELG 344,0.75049424
AMST 269,SPAN 369,0.7179083
AMST 321,FREN 255,0.86433536
AMST 321,RUSS 228,0.70514506
AMST 321,CLAS 214,0.7009588
AMST 396.00,RELG 213,0.7331047
AMST 396.00,MATH 342,0.72822225
AMST 396.00,POSC 120,0.7143356
ARBC 103,ARBC 103,0.9999999
ARBC 103,ARTS 374,0.72143066
ARBC 103,RUSS 228F,0.7155377
ARBC 206,ARBC 206,0.99999994
ARBC 206,POSC 232.02,0.7899519
ARBC 206,SPAN 103,0.74368304
ARBC 222,ARBC 223,0.6816378
ARBC 222,MUSC 127,0.6776026
ARBC 222,MUSC 227,0.6514311
ARBC 223,ARBC 223,0.9999999
ARBC 223,ARBC 222,0.6816378
ARBC 223,ENGL 395.00,0.6710731
ARBC 371,MEST 395,0.78047967
ARBC 371,CAMS 229,0.74641544
ARBC 371,CAMS 272,0.7062583
ARCN 112,SPAN 369,0.86591715
ARCN 112,PSYC 382,0.8228587
ARCN 112,RELG 221,0.81411225
ARCN 112,RELG 110,0.79518247
ARCN 222,HIST 206,0.7697687
ARCN 222,EUST 101.07,0.69236535
ARCN 222,HIST 276,0.6870451
ARTH 214,HIST 229,0.81223685
ARTH 214,POSC 170,0.6838227
ARTH 214,GWSS 110,0.64434224
ARTH 298,ARTH 298,0.9999999
ARTH 298,DANC 279,0.70613545
ARTH 298,HEBR 102,0.6477109
ARTS 113,PHYS 342,0.7475313
ARTS 113,ARTS 252,0.709287
ARTS 113,ASTR 113,0.6833552
ARTS 122,ARTS 122,0.9999999
ARTS 122,THEA 185,0.7734619
ARTS 122,ARTS 322,0.76596606
ARTS 139,ARTS 339,0.9700778
ARTS 139,ARTS 230,0.82746685
ARTS 139,THEA 185,0.8047672
ARTS 139,MUSC 221,0.775244
ARTS 230,ARTS 230,0.99999994
ARTS 230,ARTS 139,0.82746685
ARTS 230,ARTS 339,0.81456923
ARTS 230,DANC 107,0.80886084
ARTS 230,CAMS 110,0.76190877
ARTS 230,NEUR 239,0.75328946
ARTS 252,ASTR 113,0.8173922
ARTS 252,PHYS 342,0.8140893
ARTS 252,GEOL 255,0.7987898
ARTS 252,CAMS 111,0.79359597
ARTS 252,NEUR 395,0.7921569
ARTS 252,BIOL 241,0.7832528
ARTS 252,CAMS 265,0.76636404
ARTS 262,ARTS 262,0.99999994
ARTS 262,GRK 102,0.84475
ARTS 262,JAPN 103,0.7931404
ARTS 262,CHIN 206,0.792682
ARTS 262,NEUR 239,0.77116776
ARTS 262,DANC 107,0.768505
ARTS 262,DANC 310,0.7617783
ARTS 298,ARTS 298,0.99999994
ARTS 298,DANC 206,0.7121015
ARTS 298,THEA 190,0.6681368
ARTS 322,ARTS 122,0.76596606
ARTS 322,ARTS 139,0.71421933
ARTS 322,ENGL 295,0.70050174
ARTS 339,ARTS 139,0.9700778
ARTS 339,ARTS 230,0.81456923
ARTS 339,MUSC 221,0.76364934
ARTS 339,DANC 310,0.76324666
ARTS 339,THEA 185,0.7577305
ARTS 374,SPAN 103,0.778028
ARTS 374,FREN 103,0.7633367
ARTS 374,LATN 103,0.75454766
ARTS 374,CHEM 351,0.7542431
ASLN 111,JAPN 103,0.7998089
ASLN 111,GRK 102,0.7710606
ASLN 111,SPAN 103,0.75744367
ASST 110,ASST 110,0.99999994
ASST 110,RUSS 228F,0.6803439
ASST 110,CAMS 186,0.6332714
ASST 285,RELG 110,0.827501
ASST 285,POSC 120,0.7524241
ASST 285,POSC 170,0.73358715
ASTR 113,ASTR 113,0.9999999
ASTR 113,GEOL 255,0.82987684
ASTR 113,ARTS 252,0.8173922
ASTR 113,NEUR 395,0.8110051
ASTR 113,STAT 230,0.791188
ASTR 113,THEA 185,0.78743047
ASTR 113,NEUR 239,0.76947594
ASTR 233,MATH 236,0.869247
ASTR 233,MATH 341,0.8676891
ASTR 233,CGSC 130.00,0.76851994
ASTR 233,PHYS 235,0.763902
ASTR 233,MATH 111,0.7626557
ASTR 233,GEOL 255,0.75988275
ASTR 233,BIOL 353,0.75528896
BIOC 311,BIOC 311,0.9999998
BIOC 311,GEOL 240,0.91279763
BIOC 311,NEUR 239,0.8210518
BIOC 311,ECON 110,0.7990199
BIOC 311,PHYS 342,0.7830172
BIOC 311,ECON 265,0.7624924
BIOC 331,IDSC 289,0.8593363
BIOC 331,CHEM 362,0.7025289
BIOC 331,SPAN 205,0.68618494
BIOL 125,BIOL 125,0.9999999
BIOL 125,BIOL 126,0.9357059
BIOL 125,CAMS 111,0.7659424
BIOL 125,ARTS 252,0.7615907
BIOL 125,DANC 208,0.7569036
BIOL 126,BIOL 125,0.9357059
BIOL 126,DANC 208,0.79155844
BIOL 126,ARTS 252,0.7503438
BIOL 240,ECON 270,0.9196394
BIOL 240,ECON 111,0.83986694
BIOL 240,ECON 110,0.81265324
BIOL 240,ECON 330,0.75788546
BIOL 241,BIOL 353,0.9009907
BIOL 241,CHEM 349,0.8864272
BIOL 241,JAPN 103,0.8232211
BIOL 241,PSYC 216,0.78403026
BIOL 241,ARTS 252,0.7832528
BIOL 241,CHEM 352,0.7828672
BIOL 241,PSYC 256,0.7817403
BIOL 352,BIOL 352,0.9999999
BIOL 352,PHYS 352,0.8126973
BIOL 352,MATH 331,0.78009415
BIOL 352,PSYC 216,0.7770542
BIOL 352,STAT 120,0.7656972
BIOL 353,BIOL 353,0.99999994
BIOL 353,BIOL 241,0.9009907
BIOL 353,CHEM 349,0.8066497
BIOL 353,JAPN 103,0.78351665
BIOL 353,ASTR 233,0.75528896
BIOL 353,CHEM 352,0.75248694
BIOL 370,DANC 310,0.7857769
BIOL 370,NEUR 239,0.74369335
BIOL 370,CHEM 300.00,0.7306711
BIOL 378,PHIL 124,0.7813857
BIOL 378,EDUC 242,0.76691556
BIOL 378,EDUC 110,0.7517389
CAMS 110,CAMS 110,0.99999994
CAMS 110,ECON 398,0.8444275
CAMS 110,CAMS 229,0.7869735
CAMS 110,CAMS 265,0.77225035
CAMS 110,DANC 310,0.76949984
CAMS 110,ARTS 230,0.76190877
CAMS 110,PHYS 342,0.7517995
CAMS 111,ARTS 252,0.79359597
CAMS 111,MUSC 221,0.78259254
CAMS 111,BIOL 125,0.7659424
CAMS 186,POSC 333,0.7374408
CAMS 186,CS 311,0.7303478
CAMS 186,EDUC 338,0.7301549
CAMS 187,CAMS 187,0.99999994
CAMS 187,BIOL 370,0.7197197
CAMS 187,NEUR 395,0.7053916
CAMS 214,POSC 322,0.7521785
CAMS 214,POSC 201,0.72371036
CAMS 214,CAMS 265,0.68807
CAMS 229,CAMS 229,0.99999994
CAMS 229,CAMS 272,0.8249738
CAMS 229,CAMS 110,0.7869735
CAMS 229,CAMS 230,0.77189887
CAMS 229,RUSS 228F,0.75810695
CAMS 230,CAMS 229,0.77189887
CAMS 230,HIST 347,0.7144279
CAMS 230,RUSS 228F,0.69585204
CAMS 265,CAMS 265,0.9999998
CAMS 265,GEOL 255,0.79717046
CAMS 265,CAMS 110,0.77225035
CAMS 265,NEUR 239,0.7680103
CAMS 265,ARTS 252,0.76636404
CAMS 265,PHYS 342,0.76415884
CAMS 272,CAMS 272,0.99999994
CAMS 272,CAMS 229,0.8249738
CAMS 272,IDSC 280,0.81010336
CAMS 272,IDSC 202,0.7761403
CAMS 272,THEA 190,0.75926286
CAMS 277,ENGL 109,0.73162955
CAMS 277,PHYS 235,0.6945267
CAMS 277,BIOC 311,0.6678217
CCST 208,CCST 208,0.99999994
CCST 208,RELG 155,0.666671
CCST 208,PHIL 209,0.6559558
CGSC 130.00,ASTR 233,0.76851994
CGSC 130.00,LATN 103,0.7675581
CGSC 130.00,CGSC 330,0.7574717
CGSC 330,CGSC 130.00,0.7574717
CGSC 330,CHEM 362,0.6984893
CGSC 330,MUSC 227,0.67287797
CHEM 123,CHEM 123,0.9999999
CHEM 123,CHEM 224,0.8221958
CHEM 123,CHEM 234,0.74274
CHEM 224,CHEM 224,0.99999976
CHEM 224,CHEM 351,0.89675653
CHEM 224,CHEM 234,0.844237
CHEM 224,CHEM 123,0.8221958
CHEM 224,CHEM 348,0.7748895
CHEM 224,CHEM 352,0.77435595
CHEM 224,CHEM 362,0.7565066
CHEM 234,CHEM 224,0.844237
CHEM 234,CHEM 349,0.805
CHEM 234,CHEM 352,0.8013485
CHEM 234,CHEM 351,0.76470596
CHEM 300.00,IDSC 289,0.8352909
CHEM 300.00,EDUC 385,0.7969222
CHEM 300.00,IDSC 202,0.77639115
CHEM 300.00,IDSC 298,0.7700217
CHEM 300.00,ECON 398,0.76120555
CHEM 348,CHEM 348,0.9999999
CHEM 348,PSYC 201,0.81322813
CHEM 348,CHEM 351,0.78091305
CHEM 348,CHEM 224,0.7748895
CHEM 349,BIOL 241,0.8864272
CHEM 349,CHEM 352,0.86093724
CHEM 349,BIOL 353,0.8066497
CHEM 349,CHEM 234,0.805
CHEM 349,PSYC 216,0.75770384
CHEM 349,PSYC 217,0.7546973
CHEM 349,PSYC 256,0.752205
CHEM 351,CHEM 224,0.89675653
CHEM 351,PSYC 201,0.83227724
CHEM 351,CHEM 348,0.78091305
CHEM 351,PSYC 217,0.7706756
CHEM 351,CHEM 234,0.76470596
CHEM 351,MATH 331,0.7643821
CHEM 351,CHEM 362,0.7577046
CHEM 352,CHEM 352,0.9999999
CHEM 352,CHEM 349,0.86093724
CHEM 352,THEA 110,0.81558716
CHEM 352,CHEM 234,0.8013485
CHEM 352,PHYS 145,0.79825634
CHEM 352,BIOL 241,0.7828672
CHEM 352,CHEM 224,0.77435595
CHEM 362,CHEM 351,0.7577046
CHEM 362,CHEM 224,0.7565066
CHEM 362,CS 251,0.73556405
CHIN 103,RUSS 309,0.74668986
CHIN 103,JAPN 103,0.738861
CHIN 103,RUSS 110,0.73834795
CHIN 206,CHIN 206,0.99999994
CHIN 206,JAPN 206,0.80352944
CHIN 206,ARTS 262,0.792682
CHIN 206,GRK 102,0.75216633
CHIN 251,HIST 265,0.8109885
CHIN 251,EUST 101.07,0.7792022
CHIN 251,RUSS 228,0.76134115
CHIN 358,CHIN 358,0.99999994
CHIN 358,SPAN 208,0.6889959
CHIN 358,FREN 210,0.68063545
CLAS 123,HIST 251,0.8765467
CLAS 123,JAPN 343,0.83703685
CLAS 123,POSC 322,0.7817224
CLAS 123,HIST 205,0.7816314
CLAS 123,HIST 201,0.76506317
CLAS 142,RELG 110,0.7536112
CLAS 142,SPAN 220,0.7524897
CLAS 142,PHIL 289,0.73326266
CLAS 214,CLAS 214,0.99999994
CLAS 214,ENGL 338,0.7857384
CLAS 214,RELG 221,0.74512035
CLAS 240,HIST 209,0.7764678
CLAS 240,HIST 206,0.774336
CLAS 240,AFST 300,0.76335615
CS 111,CS 111,0.9999999
CS 111,STAT 250,0.85482526
CS 111,CS 252,0.83746773
CS 111,STAT 220,0.82703006
CS 111,CS 257,0.8142377
CS 111,CS 348,0.80315775
CS 111,MATH 271,0.79990655
CS 201,CS 201,0.99999994
CS 201,CS 311,0.8504387
CS 201,CS 208,0.7561118
CS 201,RELG 213,0.7535026
CS 202,ECON 265,0.7417668
CS 202,MATH 271,0.7365576
CS 202,CS 208,0.6855283
CS 208,CS 208,0.9999999
CS 208,CS 257,0.8212042
CS 208,CS 311,0.7743359
CS 208,LING 135,0.7708577
CS 208,PHIL 210,0.75916976
CS 208,CS 201,0.7561118
CS 251,CS 252,0.7731432
CS 251,CS 257,0.7436797
CS 251,CS 111,0.74266994
CS 252,CS 252,0.99999994
CS 252,CS 111,0.83746773
CS 252,CS 348,0.8175335
CS 252,STAT 250,0.8103345
CS 252,PSYC 200,0.78436685
CS 252,MATH 271,0.7840763
CS 252,CS 251,0.7731432
CS 254,CS 254,0.9999999
CS 254,PSYC 200,0.82917476
CS 254,MATH 236,0.8268084
CS 254,STAT 320,0.80285764
CS 254,CS 348,0.7594346
CS 257,CS 208,0.8212042
CS 257,CS 111,0.8142377
CS 257,CS 251,0.7436797
CS 304,CS 304,0.99999994
CS 304,MATH 241,0.76279175
CS 304,CS 257,0.7313434
CS 311,CS 311,0.99999994
CS 311,CS 201,0.8504387
CS 311,CS 208,0.7743359
CS 311,POSC 333,0.7726799
CS 311,ENGL 268,0.7588968
CS 320,CS 320,0.9999999
CS 320,CS 257,0.7310016
CS 320,CS 251,0.7074789
CS 347,NEUR 239,0.74814826
CS 347,CS 257,0.72581166
CS 347,CHEM 300.00,0.721982
CS 348,MATH 271,0.8371738
CS 348,CS 252,0.8175335
CS 348,CS 111,0.80315775
CS 348,ECON 265,0.79919916
CS 348,CS 254,0.7594346
CS 361,NEUR 395,0.7180566
CS 361,GEOL 255,0.710631
CS 361,ASTR 113,0.69090855
DANC 107,DANC 107,0.99999994
DANC 107,ARTS 230,0.80886084
DANC 107,ARTS 262,0.768505
DANC 148,DANC 148,0.9999999
DANC 148,DANC 350,0.7249975
DANC 148,DANC 190,0.71288013
DANC 190,DANC 350,0.8482001
DANC 190,PHYS 342,0.7632651
DANC 190,GEOL 240,0.73506415
DANC 200,DANC 200,0.9999999
DANC 200,GEOL 255,0.7567482
DANC 200,PHYS 142,0.7436862
DANC 206,THEA 190,0.86441886
DANC 206,IDSC 280,0.81237155
DANC 206,DANC 350,0.8053984
DANC 206,RUSS 309,0.79136974
DANC 206,EDUC 385,0.77355945
DANC 206,RUSS 110,0.7502263
DANC 208,DANC 208,0.99999994
DANC 208,DANC 309,0.79942673
DANC 208,BIOL 126,0.79155844
DANC 208,BIOL 125,0.7569036
DANC 279,DANC 279,0.99999994
DANC 279,CHEM 352,0.7171494
DANC 279,DANC 190,0.7135512
DANC 309,DANC 208,0.79942673
DANC 309,ARTS 262,0.7597112
DANC 309,JAPN 206,0.73459977
DANC 310,GEOL 255,0.7963693
DANC 310,BIOL 370,0.7857769
DANC 310,NEUR 239,0.7794422
DANC 310,CAMS 110,0.76949984
DANC 310,GEOL 240,0.7644422
DANC 310,ARTS 339,0.76324666
DANC 310,ARTS 262,0.7617783
DANC 350,DANC 190,0.8482001
DANC 350,DANC 206,0.8053984
DANC 350,CHEM 352,0.73830694
DGAH 398,DGAH 398,0.99999994
DGAH 398,ARTS 252,0.7550884
DGAH 398,THEA 190,0.74101156
ECON 110,ECON 110,0.99999994
ECON 110,ECON 111,0.942274
ECON 110,ECON 270,0.82422376
ECON 110,BIOL 240,0.81265324
ECON 110,BIOC 311,0.7990199
ECON 110,GEOL 240,0.77877384
ECON 110,PHYS 342,0.7723396
ECON 111,ECON 110,0.942274
ECON 111,ECON 270,0.8768483
ECON 111,BIOL 240,0.83986694
ECON 265,MATH 271,0.8276092
ECON 265,MATH 232,0.8151954
ECON 265,MATH 134,0.8044211
ECON 265,CS 348,0.79919916
ECON 265,MATH 342,0.7725211
ECON 265,BIOC 311,0.7624924
ECON 265,MATH 241,0.7522168
ECON 269,PSYC 354,0.6776931
ECON 269,POSC 231,0.6537094
ECON 269,POSC 120,0.63894975
ECON 270,BIOL 240,0.9196394
ECON 270,ECON 111,0.8768483
ECON 270,ECON 110,0.82422376
ECON 270,ECON 331,0.7505945
ECON 274,IDSC 251,0.7259359
ECON 274,POSC 266,0.6373808
ECON 274,AFST 300,0.6339525
ECON 277,ECON 280,0.7439946
ECON 277,POSC 322,0.7209953
ECON 277,POSC 120,0.6651872
ECON 280,ECON 277,0.7439946
ECON 280,POSC 322,0.7268903
ECON 280,ASTR 233,0.7168136
ECON 330,ECON 331,0.9214234
ECON 330,MUSC 299,0.77347124
ECON 330,RUSS 207,0.7724506
ECON 330,BIOL 240,0.75788546
ECON 330,RUSS 209,0.7525333
ECON 331,ECON 331,0.99999994
ECON 331,ECON 330,0.9214234
ECON 331,RUSS 209,0.85514873
ECON 331,RUSS 207,0.7959657
ECON 331,MUSC 299,0.771883
ECON 331,ECON 270,0.7505945
ECON 398,CAMS 110,0.8444275
ECON 398,CHEM 300.00,0.76120555
ECON 398,THEA 110,0.7182391
EDUC 110,EDUC 110,0.99999994
EDUC 110,PHIL 124,0.8288218
EDUC 110,ENGL 255,0.7891736
EDUC 110,BIOL 378,0.7517389
EDUC 242,BIOL 378,0.76691556
EDUC 242,RUSS 267,0.75143677
EDUC 242,PHIL 124,0.74936104
EDUC 338,EDUC 338,0.9999999
EDUC 338,CAMS 186,0.7301549
EDUC 338,DANC 148,0.6912168
EDUC 385,PHYS 123,0.86768657
EDUC 385,IDSC 298,0.8420703
EDUC 385,IDSC 280,0.83805144
EDUC 385,THEA 199,0.8160057
EDUC 385,CHEM 300.00,0.7969222
EDUC 385,DANC 206,0.77355945
EDUC 395,IDSC 202,0.6562133
EDUC 395,HIST 298,0.65154886
EDUC 395,MELA 230,0.63971215
ENGL 109,ENGL 371,0.7752018
ENGL 109,MUSC 221,0.7470758
ENGL 109,CAMS 277,0.73162955
ENGL 115,ENGL 115,0.9999998
ENGL 115,PHIL 219,0.6995786
ENGL 115,ENGL 202,0.6686409
ENGL 160,ENGL 371,0.69322497
ENGL 160,ENGL 109,0.6856602
ENGL 160,CLAS 142,0.6734333
ENGL 202,RELG 155,0.82316804
ENGL 202,POSC 348,0.681386
ENGL 202,PHIL 219,0.6687071
ENGL 209,HIST 276,0.73517406
ENGL 209,PHIL 289,0.68248576
ENGL 209,ENGL 371,0.6753515
ENGL 230,PSYC 389,0.7657064
ENGL 230,POSC 206.00,0.7564192
ENGL 230,ECON 270,0.73569703
ENGL 253,ENGL 253,0.9999998
ENGL 253,IDSC 251,0.6487786
ENGL 253,GRK 226,0.6093432
ENGL 255,EDUC 110,0.7891736
ENGL 255,RELG 344,0.6706827
ENGL 255,PHIL 124,0.6522431
ENGL 268,ENGL 268,0.9999999
ENGL 268,CS 311,0.7588968
ENGL 268,STAT 220,0.7508269
ENGL 295,DANC 206,0.71293575
ENGL 295,ARTS 322,0.70050174
ENGL 295,DANC 208,0.69319254
ENGL 338,CLAS 214,0.7857384
ENGL 338,LATN 240,0.7783534
ENGL 338,HIST 116,0.70429647
ENGL 370,ENGL 370,0.99999994
ENGL 370,RUSS 228F,0.72902346
ENGL 370,ENGL 371,0.7187115
ENGL 371,ENGL 371,0.99999994
ENGL 371,ENGL 109,0.7752018
ENGL 371,ENGL 370,0.7187115
ENGL 395.00,SOAN 312,0.7373926
ENGL 395.00,LATN 240,0.7097854
ENGL 395.00,HIST 116,0.6975658
EUST 101.07,MEST 395,0.8294003
EUST 101.07,CHIN 251,0.7792022
EUST 101.07,IDSC 298,0.74141866
EUST 207,EUST 207,0.99999994
EUST 207,HIST 201,0.81119084
EUST 207,JAPN 343,0.70162225
FREN 103,FREN 103,0.9999999
FREN 103,SPAN 103,0.96798414
FREN 103,JAPN 103,0.795004
FREN 103,JAPN 206,0.763758
FREN 103,ARTS 374,0.7633367
FREN 103,POSC 232.02,0.75174916
FREN 208,SPAN 103,0.77394354
FREN 208,FREN 210,0.76454765
FREN 208,POSC 232.02,0.7339071
FREN 210,FREN 210,0.9999999
FREN 210,SPAN 208,0.8420745
FREN 210,FREN 208,0.76454765
FREN 210,FREN 245,0.76119995
FREN 245,FREN 245,0.9999999
FREN 245,FREN 210,0.76119995
FREN 245,JAPN 103,0.7515514
FREN 254,MATH 120,0.7213605
FREN 254,CHIN 103,0.70089847
FREN 254,MATH 210,0.6454388
FREN 255,AMST 321,0.86433536
FREN 255,CAMS 229,0.69372135
FREN 255,RUSS 228,0.67451584
FREN 259,HIST 201,0.7452421
FREN 259,SPAN 220,0.72527856
FREN 259,ARBC 103,0.6753933
FREN 310,POSC 348,0.7583639
FREN 310,RELG 110,0.7036332
FREN 310,RUSS 266,0.68714625
GEOL 110,GEOL 110,0.9999999
GEOL 110,PSYC 256,0.72869235
GEOL 110,SOAN 323,0.631924
GEOL 230,GEOL 230,0.99999994
GEOL 230,GEOL 255,0.6222169
GEOL 230,PHYS 123,0.62219167
GEOL 240,BIOC 311,0.91279763
GEOL 240,NEUR 239,0.8446267
GEOL 240,PHYS 342,0.834369
GEOL 240,THEA 110,0.79435927
GEOL 240,GEOL 255,0.7902934
GEOL 240,ECON 110,0.77877384
GEOL 240,PHYS 142,0.7686978
GEOL 255,GEOL 255,0.99999994
GEOL 255,ASTR 113,0.82987684
GEOL 255,ARTS 252,0.7987898
GEOL 255,CAMS 265,0.79717046
GEOL 255,DANC 310,0.7963693
GEOL 255,GEOL 240,0.7902934
GEOL 255,NEUR 239,0.7797943
GERM 103,RUSS 307,0.76087403
GERM 103,CGSC 130.00,0.7380681
GERM 103,RUSS 209,0.72123706
GERM 217,HIST 251,0.8400638
GERM 217,MUSC 217,0.8015622
GERM 217,HIST 270,0.79745907
GERM 217,SPAN 263,0.7603309
GERM 221,SPAN 369,0.8004451
GERM 221,RELG 213,0.7569969
GERM 221,PSYC 382,0.73429984
GRK 102,GRK 102,0.99999994
GRK 102,JAPN 103,0.8940492
GRK 102,ARTS 262,0.84475
GRK 102,LATN 103,0.8437188
GRK 102,SPAN 205,0.80829436
GRK 102,SPAN 103,0.7983795
GRK 102,ASLN 111,0.7710606
GRK 226,GRK 226,0.99999994
GRK 226,SOAN 110,0.7494106
GRK 226,POSC 348,0.7251646
GWSS 110,RELG 221,0.7675024
GWSS 110,GWSS 398.00,0.7656665
GWSS 110,POSC 120,0.75026494
GWSS 200,GWSS 200,0.99999994
GWSS 200,LTAM 220,0.7220893
GWSS 200,RELG 213,0.7200877
GWSS 398.00,AMST 115,0.8529979
GWSS 398.00,GWSS 110,0.7656665
GWSS 398.00,RELG 344,0.7496902
HEBR 102,CHIN 206,0.72059333
HEBR 102,SPAN 205,0.7179325
HEBR 102,THEA 110,0.71643686
HIST 111,POSC 322,0.76467216
HIST 111,HIST 205,0.7605189
HIST 111,AFST 289,0.71712106
HIST 116,HIST 116,0.99999994
HIST 116,LATN 240,0.70990354
HIST 116,ENGL 338,0.70429647
HIST 153,HIST 153,0.99999994
HIST 153,POSC 120,0.67042524
HIST 153,RELG 265,0.6685513
HIST 201,HIST 201,0.9999999
HIST 201,EUST 207,0.81119084
HIST 201,JAPN 343,0.7671913
HIST 201,CLAS 123,0.76506317
HIST 205,HIST 205,0.99999994
HIST 205,POSC 322,0.86792904
HIST 205,AFST 289,0.78473806
HIST 205,CLAS 123,0.7816314
HIST 205,HIST 111,0.7605189
HIST 206,HIST 209,0.8412746
HIST 206,AFST 300,0.79126877
HIST 206,CLAS 240,0.774336
HIST 206,ARCN 222,0.7697687
HIST 209,RELG 221,0.84381187
HIST 209,HIST 206,0.8412746
HIST 209,RELG 110,0.84006447
HIST 209,AFST 300,0.8012701
HIST 209,CLAS 240,0.7764678
HIST 209,HIST 308,0.7735969
HIST 209,SPAN 369,0.7659162
HIST 229,HIST 229,0.99999994
HIST 229,ARTH 214,0.81223685
HIST 229,RELG 221,0.7778459
HIST 229,AMST 115,0.77279097
HIST 251,CLAS 123,0.8765467
HIST 251,GERM 217,0.8400638
HIST 251,HIST 270,0.8232551
HIST 251,RELG 110,0.788243
HIST 251,POSC 322,0.7625608
HIST 251,POSC 315,0.7565268
HIST 265,CHIN 251,0.8109885
HIST 265,RUSS 228,0.7701128
HIST 265,GERM 217,0.7405482
HIST 270,HIST 251,0.8232551
HIST 270,POSC 315,0.81250656
HIST 270,GERM 217,0.79745907
HIST 276,RELG 261,0.7893652
HIST 276,MUSC 217,0.7644083
HIST 276,MELA 230,0.7473955
HIST 287,HIST 287,0.99999994
HIST 287,RELG 121,0.6264461
HIST 287,HIST 205,0.62357306
HIST 298,HIST 298,0.99999994
HIST 298,THEA 199,0.73633546
HIST 298,IDSC 298,0.71182305
HIST 308,POSC 322,0.79384977
HIST 308,HIST 209,0.7735969
HIST 308,RELG 221,0.76630163
HIST 308,RELG 121,0.76558626
HIST 308,POSC 120,0.7632142
HIST 308,AFST 289,0.7576215
HIST 347,RELG 261,0.7567258
HIST 347,POSC 322,0.7278112
HIST 347,HIST 251,0.72297484
IDSC 198,IDSC 198,0.9999999
IDSC 198,RUSS 103,0.7986519
IDSC 198,RUSS 307,0.7876808
IDSC 198,IDSC 298,0.77114815
IDSC 202,RUSS 228F,0.8057932
IDSC 202,CHEM 300.00,0.77639115
IDSC 202,CAMS 272,0.7761403
IDSC 238,AFST 289,0.72070104
IDSC 238,ARTS 139,0.64919126
IDSC 238,ECON 280,0.6478145
IDSC 251,IDSC 251,0.99999994
IDSC 251,PHIL 124,0.7664662
IDSC 251,ECON 274,0.7259359
IDSC 280,THEA 190,0.8556966
IDSC 280,EDUC 385,0.83805144
IDSC 280,DANC 206,0.81237155
IDSC 280,CAMS 272,0.81010336
IDSC 289,BIOC 331,0.8593363
IDSC 289,CHEM 300.00,0.8352909
IDSC 289,IDSC 298,0.74503416
IDSC 298,EDUC 385,0.8420703
IDSC 298,IDSC 198,0.77114815
IDSC 298,CHEM 300.00,0.7700217
IDSC 298,THEA 199,0.7598099
JAPN 103,GRK 102,0.8940492
JAPN 103,LATN 103,0.86676675
JAPN 103,BIOL 241,0.8232211
JAPN 103,ASLN 111,0.7998089
JAPN 103,SPAN 103,0.79738873
JAPN 103,FREN 103,0.795004
JAPN 103,ARTS 262,0.7931404
JAPN 206,JAPN 206,0.99999994
JAPN 206,SPAN 103,0.8252349
JAPN 206,CHIN 206,0.80352944
JAPN 206,GRK 102,0.7676293
JAPN 206,FREN 103,0.763758
JAPN 343,JAPN 343,0.99999994
JAPN 343,CLAS 123,0.83703685
JAPN 343,RELG 110,0.7841988
JAPN 343,HIST 201,0.7671913
JAPN 343,POSC 120,0.7657552
LATN 103,JAPN 103,0.86676675
LATN 103,GRK 102,0.8437188
LATN 103,RUSS 307,0.7675829
LATN 103,CGSC 130.00,0.7675581
LATN 103,SPAN 103,0.75601447
LATN 103,ARTS 374,0.75454766
LATN 240,ENGL 338,0.7783534
LATN 240,CLAS 214,0.71571296
LATN 240,SPAN 220,0.7130687
LING 110,LING 110,0.99999994
LING 110,LING 135,0.8144239
LING 110,STAT 220,0.7660018
LING 115,LING 115,0.9999998
LING 115,SOAN 313,0.6461631
LING 115,MUSC 313,0.6303056
LING 135,LING 110,0.8144239
LING 135,CS 208,0.7708577
LING 135,SOAN 110,0.75612354
LING 319,LING 319,0.99999994
LING 319,CS 251,0.70823985
LING 319,SOAN 240,0.6989961
LTAM 220,HIST 209,0.74586934
LTAM 220,GWSS 200,0.7220893
LTAM 220,POSC 120,0.7209855
LTAM 398,LTAM 398,0.9999999
LTAM 398,DANC 206,0.685781
LTAM 398,ENGL 370,0.66145235
MATH 111,MATH 342,0.8509932
MATH 111,MATH 120,0.8046614
MATH 111,MATH 236,0.789369
MATH 111,PHYS 145,0.78332925
MATH 111,STAT 220,0.7763593
MATH 111,ASTR 233,0.7626557
MATH 111,STAT 120,0.75327116
MATH 120,MATH 120,0.99999994
MATH 120,MATH 111,0.8046614
MATH 120,MATH 210,0.7561703
MATH 134,MATH 134,0.9999999
MATH 134,MATH 232,0.844497
MATH 134,PHYS 234,0.8374789
MATH 134,STAT 220,0.8313342
MATH 134,ECON 265,0.8044211
MATH 134,MATH 342,0.7633314
MATH 210,MATH 210,0.9999999
MATH 210,STAT 285,0.77205795
MATH 210,MATH 120,0.7561703
MATH 232,MATH 232,0.99999994
MATH 232,MATH 134,0.844497
MATH 232,PHYS 234,0.83712393
MATH 232,MATH 271,0.8179441
MATH 232,ECON 265,0.8151954
MATH 232,STAT 220,0.7832562
MATH 232,PHYS 145,0.78310746
MATH 236,STAT 230,0.8771573
MATH 236,ASTR 233,0.869247
MATH 236,STAT 220,0.83114034
MATH 236,STAT 120,0.83067113
MATH 236,CS 254,0.8268084
MATH 236,MATH 342,0.80488133
MATH 236,MATH 111,0.789369
MATH 241,CS 304,0.76279175
MATH 241,ECON 265,0.7522168
MATH 241,STAT 220,0.75078684
MATH 271,MATH 271,0.9999999
MATH 271,CS 348,0.8371738
MATH 271,ECON 265,0.8276092
MATH 271,MATH 232,0.8179441
MATH 271,CS 111,0.79990655
MATH 271,MATH 331,0.7853602
MATH 271,CS 252,0.7840763
MATH 297,STAT 297,0.996016
MATH 297,CHEM 352,0.7114126
MATH 297,ARTS 262,0.6947647
MATH 331,MATH 271,0.7853602
MATH 331,BIOL 352,0.78009415
MATH 331,CHEM 351,0.7643821
MATH 341,ASTR 233,0.8676891
MATH 341,PHYS 235,0.85119325
MATH 341,PHYS 341,0.77703255
MATH 341,PHYS 145,0.7694986
MATH 341,MATH 342,0.7547516
MATH 341,MATH 236,0.75332737
MATH 342,MATH 111,0.8509932
MATH 342,MATH 236,0.80488133
MATH 342,STAT 220,0.79317343
MATH 342,ECON 265,0.7725211
MATH 342,MATH 134,0.7633314
MATH 342,MATH 341,0.7547516
MELA 230,RELG 221,0.81294185
MELA 230,GWSS 110,0.7486096
MELA 230,HIST 276,0.7473955
MEST 395,EUST 101.07,0.8294003
MEST 395,RUSS 307,0.8249254
MEST 395,ARBC 371,0.78047967
MUSC 127,MUSC 227,0.7274578
MUSC 127,MUSC 217,0.6984387
MUSC 127,AMST 269,0.68460006
MUSC 204,MUSC 204,0.9999999
MUSC 204,DANC 350,0.6724768
MUSC 204,THEA 245,0.6672637
MUSC 217,GERM 217,0.8015622
MUSC 217,HIST 276,0.7644083
MUSC 217,MUSC 127,0.6984387
MUSC 221,CAMS 111,0.78259254
MUSC 221,ARTS 139,0.775244
MUSC 221,ARTS 339,0.76364934
MUSC 227,PSYC 216,0.81932235
MUSC 227,PSYC 220,0.8175252
MUSC 227,STAT 230,0.7746229
MUSC 227,MATH 236,0.7544499
MUSC 299,ECON 330,0.77347124
MUSC 299,ECON 331,0.771883
MUSC 299,ECON 111,0.66287625
MUSC 313,LING 110,0.6860246
MUSC 313,LING 115,0.6303056
MUSC 313,SOAN 262,0.62995934
NEUR 238,STAT 230,0.7404482
NEUR 238,GEOL 255,0.7354182
NEUR 238,STAT 120,0.72329265
NEUR 239,GEOL 240,0.8446267
NEUR 239,BIOC 311,0.8210518
NEUR 239,PHYS 142,0.782537
NEUR 239,THEA 110,0.7818298
NEUR 239,GEOL 255,0.7797943
NEUR 239,DANC 310,0.7794422
NEUR 239,ARTS 262,0.77116776
NEUR 395,ASTR 113,0.8110051
NEUR 395,ARTS 252,0.7921569
NEUR 395,RUSS 307,0.74498075
PHIL 119,EDUC 242,0.7239486
PHIL 119,RUSS 267,0.66404164
PHIL 119,BIOL 378,0.64669496
PHIL 124,PHIL 124,0.99999994
PHIL 124,EDUC 110,0.8288218
PHIL 124,PHIL 209,0.78895676
PHIL 124,BIOL 378,0.7813857
PHIL 124,IDSC 251,0.7664662
PHIL 202,PHIL 202,0.9999999
PHIL 202,SPAN 208,0.6929354
PHIL 202,EUST 101.07,0.6480489
PHIL 209,PHIL 124,0.78895676
PHIL 209,CS 201,0.72081524
PHIL 209,AMST 396.00,0.66939896
PHIL 210,PHIL 210,0.99999994
PHIL 210,CS 208,0.75916976
PHIL 210,PHIL 270,0.74250704
PHIL 219,ENGL 115,0.6995786
PHIL 219,RELG 344,0.6913053
PHIL 219,RELG 121,0.6790999
PHIL 270,PHIL 210,0.74250704
PHIL 270,POSC 160,0.73424315
PHIL 270,RELG 213,0.7032039
PHIL 289,PHIL 289,0.99999994
PHIL 289,CLAS 142,0.73326266
PHIL 289,ENGL 371,0.6847495
PHYS 123,EDUC 385,0.86768657
PHYS 123,IDSC 298,0.728685
PHYS 123,IDSC 280,0.720777
PHYS 142,PHYS 142,0.99999994
PHYS 142,THEA 110,0.84396327
PHYS 142,PHYS 145,0.79646385
PHYS 142,NEUR 239,0.782537
PHYS 142,GEOL 240,0.7686978
PHYS 145,PHYS 234,0.8377869
PHYS 145,CHEM 352,0.79825634
PHYS 145,PHYS 142,0.79646385
PHYS 145,MATH 111,0.78332925
PHYS 145,MATH 232,0.78310746
PHYS 145,MATH 341,0.7694986
PHYS 145,ARTS 262,0.7559869
PHYS 234,STAT 220,0.86342657
PHYS 234,PHYS 145,0.8377869
PHYS 234,MATH 134,0.8374789
PHYS 234,MATH 232,0.83712393
PHYS 234,STAT 250,0.82449454
PHYS 234,STAT 230,0.8197676
PHYS 234,MATH 236,0.76623416
PHYS 235,MATH 341,0.85119325
PHYS 235,ASTR 233,0.763902
PHYS 235,PHYS 341,0.7319093
PHYS 341,PHYS 341,0.99999994
PHYS 341,MATH 341,0.77703255
PHYS 341,ECON 265,0.75188357
PHYS 342,PHYS 342,0.99999994
PHYS 342,GEOL 240,0.834369
PHYS 342,ARTS 252,0.8140893
PHYS 342,BIOC 311,0.7830172
PHYS 342,GEOL 255,0.77858514
PHYS 342,ECON 110,0.7723396
PHYS 342,MATH 236,0.7721168
PHYS 352,BIOL 352,0.8126973
PHYS 352,PSYC 201,0.7283397
PHYS 352,STAT 120,0.69517195
POSC 120,POSC 120,0.99999994
POSC 120,JAPN 343,0.7657552
POSC 120,HIST 308,0.7632142
POSC 120,ASST 285,0.7524241
POSC 120,GWSS 110,0.75026494
POSC 160,POSC 302,0.80086154
POSC 160,PHIL 270,0.73424315
POSC 160,SOAN 110,0.72979826
POSC 170,POSC 170,0.9999999
POSC 170,RELG 213,0.8013752
POSC 170,ASST 285,0.73358715
POSC 201,CAMS 214,0.72371036
POSC 201,POSC 322,0.6648228
POSC 201,DANC 309,0.6589808
POSC 206.00,PSYC 389,0.8250146
POSC 206.00,ENGL 230,0.7564192
POSC 206.00,ECON 270,0.68436825
POSC 230,PSYC 200,0.68659115
POSC 230,NEUR 239,0.6784202
POSC 230,ARTS 262,0.6696444
POSC 231,ECON 269,0.6537094
POSC 231,POSC 322,0.6518767
POSC 231,ECON 277,0.6101206
POSC 232.01,MATH 241,0.7423207
POSC 232.01,STAT 250,0.6931315
POSC 232.01,STAT 230,0.6755042
POSC 232.02,SPAN 103,0.813994
POSC 232.02,ARBC 206,0.7899519
POSC 232.02,FREN 103,0.75174916
POSC 242,RELG 110,0.73626626
POSC 242,HIST 206,0.7277161
POSC 242,HIST 251,0.7037246
POSC 252,POSC 252,0.99999994
POSC 252,CS 254,0.6878099
POSC 252,FREN 245,0.662746
POSC 266,POSC 266,0.99999994
POSC 266,LTAM 220,0.706144
POSC 266,SOAN 214,0.6531511
POSC 272,POSC 272,0.9999999
POSC 272,ENGL 395.00,0.6275375
POSC 272,CS 202,0.6231552
POSC 302,RELG 213,0.8402463
POSC 302,POSC 160,0.80086154
POSC 302,POSC 333,0.76824456
POSC 315,POSC 315,0.9999999
POSC 315,HIST 270,0.81250656
POSC 315,SOAN 323,0.8020559
POSC 315,RELG 261,0.7586325
POSC 315,HIST 251,0.7565268
POSC 322,POSC 322,0.9999999
POSC 322,HIST 205,0.86792904
POSC 322,HIST 308,0.79384977
POSC 322,CLAS 123,0.7817224
POSC 322,HIST 111,0.76467216
POSC 322,HIST 251,0.7625608
POSC 322,CAMS 214,0.7521785
POSC 333,POSC 333,0.9999999
POSC 333,CS 311,0.7726799
POSC 333,POSC 302,0.76824456
POSC 348,POSC 348,0.99999994
POSC 348,RELG 213,0.7645861
POSC 348,FREN 310,0.7583639
PSYC 110,ENGL 268,0.69452626
PSYC 110,MATH 241,0.6942231
PSYC 110,POSC 206.00,0.6713737
PSYC 200,STAT 250,0.84552664
PSYC 200,CS 254,0.82917476
PSYC 200,CS 111,0.7985218
PSYC 200,STAT 320,0.7899861
PSYC 200,CS 252,0.78436685
PSYC 200,STAT 230,0.7648414
PSYC 201,CHEM 351,0.83227724
PSYC 201,CHEM 348,0.81322813
PSYC 201,CHEM 234,0.74525034
PSYC 216,PSYC 216,0.99999994
PSYC 216,PSYC 217,0.9151693
PSYC 216,PSYC 256,0.9104982
PSYC 216,PSYC 257,0.8890254
PSYC 216,MUSC 227,0.81932235
PSYC 216,BIOL 241,0.78403026
PSYC 216,PSYC 220,0.7798679
PSYC 217,PSYC 216,0.9151693
PSYC 217,PSYC 257,0.81958544
PSYC 217,PSYC 256,0.77670985
PSYC 217,BIOL 241,0.7729207
PSYC 217,CHEM 351,0.7706756
PSYC 217,CHEM 349,0.7546973
PSYC 220,MUSC 227,0.8175252
PSYC 220,PSYC 216,0.7798679
PSYC 220,PSYC 217,0.69358075
PSYC 256,PSYC 216,0.9104982
PSYC 256,PSYC 257,0.8962155
PSYC 256,BIOL 241,0.7817403
PSYC 256,PSYC 217,0.77670985
PSYC 256,CHEM 349,0.752205
PSYC 257,PSYC 256,0.8962155
PSYC 257,PSYC 216,0.8890254
PSYC 257,PSYC 217,0.81958544
PSYC 257,BIOL 241,0.7765243
PSYC 354,ASTR 113,0.6923903
PSYC 354,ECON 269,0.6776931
PSYC 354,DANC 309,0.6641126
PSYC 382,PSYC 382,0.99999994
PSYC 382,ARCN 112,0.8228587
PSYC 382,SPAN 369,0.7633953
PSYC 389,POSC 206.00,0.8250146
PSYC 389,SOAN 228,0.7676812
PSYC 389,ENGL 230,0.7657064
PSYC 389,SPAN 263,0.751051
RELG 110,SPAN 369,0.8561042
RELG 110,HIST 209,0.84006447
RELG 110,ASST 285,0.827501
RELG 110,ARCN 112,0.79518247
RELG 110,HIST 251,0.788243
RELG 110,RELG 221,0.7850483
RELG 110,JAPN 343,0.7841988
RELG 121,HIST 308,0.76558626
RELG 121,SOAN 313,0.7549803
RELG 121,HIST 265,0.73052555
RELG 155,ENGL 202,0.82316804
RELG 155,RELG 344,0.70728344
RELG 155,SOAN 312,0.70695776
RELG 213,RELG 213,0.99999994
RELG 213,RELG 265,0.8464561
RELG 213,POSC 302,0.8402463
RELG 213,POSC 170,0.8013752
RELG 213,POSC 348,0.7645861
RELG 213,GERM 221,0.7569969
RELG 213,CS 201,0.7535026
RELG 221,RELG 221,0.99999994
RELG 221,HIST 209,0.84381187
RELG 221,RELG 265,0.83300316
RELG 221,SPAN 369,0.82447535
RELG 221,ARCN 112,0.81411225
RELG 221,MELA 230,0.81294185
RELG 221,RELG 110,0.7850483
RELG 261,HIST 276,0.7893652
RELG 261,POSC 315,0.7586325
RELG 261,HIST 347,0.7567258
RELG 265,RELG 213,0.8464561
RELG 265,RELG 221,0.83300316
RELG 265,POSC 302,0.7489623
RELG 344,AMST 115,0.807754
RELG 344,AMST 269,0.75049424
RELG 344,GWSS 398.00,0.7496902
RUSS 103,RUSS 307,0.8602848
RUSS 103,IDSC 198,0.7986519
RUSS 103,IDSC 298,0.72706825
RUSS 110,RUSS 309,0.8582943
RUSS 110,RUSS 228F,0.82563156
RUSS 110,DANC 206,0.7502263
RUSS 207,RUSS 209,0.86558086
RUSS 207,RUSS 309,0.8532547
RUSS 207,ECON 331,0.7959657
RUSS 207,RUSS 307,0.77756494
RUSS 207,ECON 330,0.7724506
RUSS 209,RUSS 207,0.86558086
RUSS 209,ECON 331,0.85514873
RUSS 209,RUSS 309,0.77649844
RUSS 209,ECON 330,0.7525333
RUSS 228,RUSS 228,0.99999994
RUSS 228,HIST 265,0.7701128
RUSS 228,CHIN 251,0.76134115
RUSS 228F,RUSS 110,0.82563156
RUSS 228F,IDSC 202,0.8057932
RUSS 228F,CAMS 229,0.75810695
RUSS 266,RUSS 266,0.99999994
RUSS 266,BIOL 378,0.72652465
RUSS 266,FREN 210,0.71005976
RUSS 267,EDUC 242,0.75143677
RUSS 267,POSC 315,0.7420292
RUSS 267,BIOL 378,0.7042394
RUSS 307,RUSS 103,0.8602848
RUSS 307,RUSS 309,0.8435454
RUSS 307,MEST 395,0.8249254
RUSS 307,IDSC 198,0.7876808
RUSS 307,RUSS 207,0.77756494
RUSS 307,LATN 103,0.7675829
RUSS 307,GERM 103,0.76087403
RUSS 309,RUSS 110,0.8582943
RUSS 309,RUSS 207,0.8532547
RUSS 309,RUSS 307,0.8435454
RUSS 309,DANC 206,0.79136974
RUSS 309,RUSS 209,0.77649844
SOAN 110,SOAN 110,0.99999976
SOAN 110,LING 135,0.75612354
SOAN 110,RELG 213,0.7495093
SOAN 111,FREN 245,0.7397148
SOAN 111,JAPN 103,0.674862
SOAN 111,PHIL 270,0.662285
SOAN 214,SOAN 214,0.99999994
SOAN 214,POSC 266,0.6531511
SOAN 214,ENGL 115,0.58737427
SOAN 228,SOAN 228,0.9999999
SOAN 228,AMST 269,0.7927368
SOAN 228,PSYC 389,0.7676812
SOAN 240,CAMS 186,0.7204941
SOAN 240,CS 257,0.7200086
SOAN 240,CS 347,0.7127138
SOAN 262,SOAN 262,0.99999994
SOAN 262,POSC 348,0.7200799
SOAN 262,POSC 120,0.6948201
SOAN 312,ENGL 395.00,0.7373926
SOAN 312,RUSS 209,0.71556586
SOAN 312,SOAN 228,0.7109048
SOAN 313,SOAN 313,0.99999994
SOAN 313,RELG 121,0.7549803
SOAN 313,SOAN 262,0.6879165
SOAN 323,SOAN 323,0.9999999
SOAN 323,POSC 315,0.8020559
SOAN 323,RELG 261,0.6944537
SPAN 103,SPAN 103,0.99999994
SPAN 103,FREN 103,0.96798414
SPAN 103,JAPN 206,0.8252349
SPAN 103,POSC 232.02,0.813994
SPAN 103,GRK 102,0.7983795
SPAN 103,JAPN 103,0.79738873
SPAN 103,ARTS 374,0.778028
SPAN 205,GRK 102,0.80829436
SPAN 205,JAPN 103,0.7723143
SPAN 205,CHEM 224,0.75344133
SPAN 208,FREN 210,0.8420745
SPAN 208,SPAN 103,0.72370446
SPAN 208,CHIN 206,0.70797753
SPAN 220,SPAN 220,0.9999999
SPAN 220,CLAS 142,0.7524897
SPAN 220,FREN 259,0.72527856
SPAN 263,GERM 217,0.7603309
SPAN 263,PSYC 389,0.751051
SPAN 263,SOAN 228,0.7077842
SPAN 369,SPAN 369,0.99999994
SPAN 369,ARCN 112,0.86591715
SPAN 369,RELG 110,0.8561042
SPAN 369,RELG 221,0.82447535
SPAN 369,GERM 221,0.8004451
SPAN 369,HIST 209,0.7659162
SPAN 369,PSYC 382,0.7633953
STAT 120,STAT 120,0.9999999
STAT 120,STAT 230,0.8636225
STAT 120,MATH 236,0.83067113
STAT 120,STAT 220,0.80363905
STAT 120,STAT 250,0.76835304
STAT 120,PSYC 216,0.7678248
STAT 120,BIOL 352,0.7656972
STAT 220,STAT 220,0.99999994
STAT 220,STAT 230,0.86831325
STAT 220,PHYS 234,0.86342657
STAT 220,MATH 134,0.8313342
STAT 220,MATH 236,0.83114034
STAT 220,CS 111,0.82703006
STAT 220,STAT 250,0.82582265
STAT 230,STAT 230,0.9999998
STAT 230,MATH 236,0.8771573
STAT 230,STAT 250,0.87341577
STAT 230,STAT 220,0.86831325
STAT 230,STAT 120,0.8636225
STAT 230,PHYS 234,0.8197676
STAT 230,ASTR 113,0.791188
STAT 250,STAT 250,0.9999998
STAT 250,STAT 230,0.87341577
STAT 250,CS 111,0.85482526
STAT 250,PSYC 200,0.84552664
STAT 250,STAT 220,0.82582265
STAT 250,PHYS 234,0.82449454
STAT 250,CS 252,0.8103345
STAT 285,STAT 285,0.99999994
STAT 285,THEA 199,0.7731767
STAT 285,MATH 210,0.77205795
STAT 297,MATH 297,0.996016
STAT 297,CHEM 352,0.73251534
STAT 297,ARTS 262,0.7010028
STAT 320,CS 254,0.80285764
STAT 320,STAT 250,0.7955844
STAT 320,PSYC 200,0.7899861
THEA 110,THEA 110,0.99999994
THEA 110,PHYS 142,0.84396327
THEA 110,CHEM 352,0.81558716
THEA 110,GEOL 240,0.79435927
THEA 110,NEUR 239,0.7818298
THEA 110,PHYS 145,0.75173545
THEA 185,THEA 185,0.99999994
THEA 185,ARTS 139,0.8047672
THEA 185,ASTR 113,0.78743047
THEA 185,ARTS 122,0.7734619
THEA 185,ARTS 339,0.7577305
THEA 190,THEA 190,0.9999999
THEA 190,DANC 206,0.86441886
THEA 190,IDSC 280,0.8556966
THEA 190,CAMS 272,0.75926286
THEA 199,EDUC 385,0.8160057
THEA 199,STAT 285,0.7731767
THEA 199,IDSC 298,0.7598099
THEA 226,GERM 217,0.735058
THEA 226,THEA 185,0.7286953
THEA 226,ARTS 139,0.72591615
THEA 245,EDUC 385,0.7214831
THEA 245,PHYS 123,0.68103105
THEA 245,MUSC 204,0.6672637
